;Palabra_sospechosa
buen;33
viv;33
san;20
mejor;19
gan;17
bien;15
segur;12
grand;10
salud;8
interes;7
no;7
fuert;6
import;6
activ;5
val;5
celebr;5
super;5
principal;4
disfrut;4
cambi;4
dich;4
anim;4
feliz;4
complet;4
sub;4
hermos;4
felic;4
festej;3
gust;3
sabi;3
asegur;3
ayunt;3
fuerz;3
victori;3
encant;3
suert;3
ciel;3
famos;3
aprovech;3
calid;3
crec;3
tranquil;2
brav;2
alegr;2
bond;2
recuper;2
mal;2
diner;2
ric;2
desarroll;2
delici;2
brom;2
descans;2
baj;2
plac;2
triunf;2
llen;2
oportun;2
regal;1
potent;1
insuper;1
product;1
conquist;1
seduc;1
acced;1
palm;1
prefer;1
escal;1
ira;1
boom;1
eficaci;1
reform;1
sexual;1
dur;1
adelant;1
aprob;1
arraig;1
valor;1
facil;1
bienest;1
estupend;1
despej;1
beb;1
convenc;1
acrecent;1
impuls;1
distanci;1
rehabilit;1
hinch;1
superior;1
excelent;1
air;1
innov;1
logr;1
benefici;1
predomin;1
goz;1
ilustr;1
don;1
amor;1
dulc;1
maravill;1
content;1
confianz;1
sonris;1
avanz;1
festiv;1
cubr;1
